Comapny,Website,Location,Rating,Review Count,Hourly Rate,Min Project Size
MOBIKASA,https://www.mobikasa.com/shopify-development/?utm_source=clutch.co&utm_medium=referral&utm_campaign=developers-ecommerce,"New York, NY",4.7,69 reviews,$25 - $49 / hr,"$10,000+"
Dotlogics,https://www.dotlogics.com/?utm_source=clutch.co&utm_medium=referral&utm_campaign=ecommerce-developers,"Elwood, NY",5.0,19 reviews,$100 - $149 / hr,"$25,000+"
Emizen Tech,https://www.emizentech.com/?utm_source=clutch.co&utm_medium=referral&utm_campaign=developers-ecommerce,"Jaipur, India",4.9,68 reviews,< $25 / hr,"$5,000+"
Northern Commerce,https://www.northern.co/?utm_source=clutch.co&utm_medium=referral&utm_campaign=developers-ecommerce,"London, Canada",4.8,55 reviews,$150 - $199 / hr,"$25,000+"
Magneto IT Solutions,https://magnetoitsolutions.com/?utm_source=clutch.co&utm_medium=referral&utm_campaign=developers-ecommerce,"New York, NY",4.9,42 reviews,$25 - $49 / hr,"$5,000+"
pb+j,http://www.addpbj.com/?utm_source=clutch.co&utm_medium=referral&utm_campaign=developers-ecommerce,"Toronto, Canada",4.8,30 reviews,$150 - $199 / hr,"$25,000+"
Liventus,https://www.liventus.com/work-with-us/?utm_source=clutch.co&utm_medium=referral&utm_campaign=developers-ecommerce,"Chicago, IL",4.9,17 reviews,$100 - $149 / hr,"$5,000+"
Commerce Pundit,http://www.commercepundit.com/?utm_source=clutch.co&utm_medium=referral&utm_campaign=developers-ecommerce,"Lawrenceville, GA",4.7,31 reviews,$25 - $49 / hr,Undisclosed
Sunrise Integration,https://www.sunriseintegration.com/?utm_source=clutch.co&utm_medium=referral&utm_campaign=developers-ecommerce,"Los Angeles, CA",5.0,4 reviews,$100 - $149 / hr,"$10,000+"
Elogic Commerce,https://elogic.co/?utm_source=clutch.co&utm_medium=referral&utm_campaign=developers-ecommerce,"Tallinn, Estonia",5.0,14 reviews,$50 - $99 / hr,"$50,000+"
Command C,https://www.commandc.com/?utm_source=clutch.co&utm_medium=referral&utm_campaign=developers-ecommerce,"Carrboro, NC",5.0,14 reviews,$150 - $199 / hr,"$25,000+"
Syndicode,https://syndicode.com/online-marketplace-development/?utm_source=clutch.co&utm_medium=referral&utm_campaign=developers-ecommerce,"Wrocław, Poland",5.0,14 reviews,$50 - $99 / hr,"$50,000+"
P2H Inc,https://www.psd2html.com/ecommerce-web-development.html/?utm_source=clutch.co&utm_medium=referral&utm_campaign=developers-ecommerce,"San Francisco, CA",5.0,43 reviews,$25 - $49 / hr,"$1,000+"
Upside,https://www.upsidelab.io/?utm_source=clutch.co&utm_medium=developers-ecommerce,"Kraków, Poland",5.0,9 reviews,$50 - $99 / hr,"$10,000+"
Blue Owl,http://www.blueowl.agency/?utm_source=clutch.co&utm_medium=referral&utm_campaign=developers-ecommerce,"Warszawa, Poland",4.9,12 reviews,$25 - $49 / hr,"$5,000+"
Enterprise64,https://enterprise64.com,"Bethesda, MD",5.0,5 reviews,$25 - $49 / hr,"$25,000+"
Glajumedia,http://www.gmedia.la/?utm_source=clutch.co&utm_medium=referral&utm_campaign=ecommerce,"Santiago de Surco, Peru",4.7,6 reviews,< $25 / hr,"$1,000+"
Staylime,https://staylime.com/?utm_source=clutch.co&utm_medium=referral&utm_campaign=ecommerce,"Redwood City, CA",4.9,27 reviews,$50 - $99 / hr,"$5,000+"
Hatimeria,https://www.hatimeria.com/?utm_source=clutch.co&utm_medium=referral&utm_campaign=developers-ecommerce,"Kraków, Poland",4.9,10 reviews,$50 - $99 / hr,"$50,000+"
Neuralab,https://www.neuralab.net/?utm_source=clutch&utm_medium=referral&utm_campaign=developers-ecommerce,"Zagreb, Croatia",4.8,33 reviews,$100 - $149 / hr,"$10,000+"
commerce-ui,https://www.commerce-ui.com/?utm_source=clutch.co&utm_medium=referral&utm_campaign=developers-ecommerce,"Gdańsk, Poland",5.0,9 reviews,$50 - $99 / hr,"$10,000+"
LLC Luxinten,http://www.luxinten.com/?utm_source=clutch.co&utm_medium=referral&utm_campaign=developers-ecommerce,"Ternopil, Ukraine",4.7,8 reviews,$50 - $99 / hr,"$10,000+"
Ambaum,https://ambaum.com/?utm_source=clutch.co&utm_medium=referral&utm_campaign=developers-ecommerce,"Burien, WA",4.9,19 reviews,$150 - $199 / hr,"$5,000+"
VT Labs,https://www.vtlabs.org/?utm_source=clutch.co&utm_medium=referral&utm_campaign=developers-ecommerce,"Tallinn, Estonia",5.0,7 reviews,$25 - $49 / hr,"$5,000+"
Media Lounge,https://www.medialounge.co.uk/?utm_source=clutch.co&utm_medium=referral&utm_campaign=developers-ecommerce,"Bournemouth, United Kingdom",4.9,8 reviews,$100 - $149 / hr,"$50,000+"
Tremend Software Consulting,https://www.tremend.com/?utm_source=clutch.co&utm_medium=referral,"București, Romania",4.8,9 reviews,$25 - $49 / hr,"$10,000+"
TransData,https://transdatadigital.com/?utm_source=clutch.co&utm_medium=referral&utm_campaign=developers-ecommerce,"Woodbridge Township, NJ",4.9,6 reviews,$25 - $49 / hr,"$5,000+"
Netgen,https://netgen.io/?utm_source=clutch.co&utm_medium=referral&utm_campaign=developers-ecommerce,"Zagreb, Croatia",5.0,7 reviews,$100 - $149 / hr,"$25,000+"
Galaxy Weblinks,https://www.galaxyweblinks.com/?utm_source=themanifest.com&utm_medium=referral&utm_campaign=developers-ecommerce,"Boston, MA",4.8,26 reviews,$25 - $49 / hr,"$1,000+"
Web Loft Designs,https://www.webloftdesigns.com/?utm_source=clutch.co&utm_medium=referral&utm_campaign=developers-ecommerce,"Plano, TX",4.8,9 reviews,Undisclosed,Undisclosed
Codeq,https://codeq.pl/?utm_source=clutch.co&utm_medium=referral&utm_campaign=developers-ecommerce,"Gdańsk, Poland",5.0,7 reviews,$50 - $99 / hr,"$10,000+"
Boldist,https://laughingsamurai.com/?utm_source=clutch.co&utm_medium=referral&utm_campaign=developers-ecommerce,"Orlando, FL",5.0,10 reviews,$150 - $199 / hr,"$5,000+"
Built by Blank,https://builtbyblank.com/?utm_source=clutch.co&utm_medium=referral&utm_campaign=developers-ecommerce,"Los Angeles, CA",4.8,15 reviews,$50 - $99 / hr,"$5,000+"
Vnited.Co,https://vnited.co/?utm_source=clutch.co&utm_medium=referral&utm_campaign=developers-ecommerce,"Ho Chi Minh City, Vietnam",4.9,11 reviews,< $25 / hr,"$1,000+"
WePropagate,https://wepropagate.co/?utm_source=clutch.co&utm_medium=referral&utm_campaign=developers-ecommerce,"Orlando, FL",5.0,5 reviews,$100 - $149 / hr,"$10,000+"
Weby Agency,https://webyagency.com/?utm_source=clutch.co&utm_medium=referral&utm_campaign=developers-ecommerce,"San Francisco, CA",4.9,19 reviews,$50 - $99 / hr,"$1,000+"
Dinarys GmbH,https://dinarys.com/?utm_source=clutch.co&utm_medium=referral&utm_campaign=developers-ecommerce,"Berlin, Germany",5.0,11 reviews,$50 - $99 / hr,"$50,000+"
Brainvire Infotech Inc,https://www.brainvire.com/?utm_source=clutchorg&utm_medium=referral,"Plano, TX",4.8,179 reviews,$25 - $49 / hr,"$25,000+"
Rave Digital,https://www.ravedigital.agency/?utm_source=clutch.co&utm_medium=referral&utm_campaign=directory,"Coral Springs, FL",4.9,57 reviews,$50 - $99 / hr,"$10,000+"
Absolute Web,https://www.absolutewebservices.com/?utm_source=Clutch&utm_medium=Listing&utm_campaign=eCommerce-Silver,"Miami, FL",4.9,65 reviews,$100 - $149 / hr,"$10,000+"
Xfive,https://www.xfive.co/service/trusted-development-design-partner/?utm_source=clutch.co&utm_medium=referral,"Kraków, Poland",4.9,36 reviews,$100 - $149 / hr,"$10,000+"
Pivofy,https://www.pivofy.com/?utm_source=clutch.co&utm_medium=referral&utm_campaign=directory,"Chicago, IL",5.0,46 reviews,$150 - $199 / hr,"$10,000+"
Netsmartz LLC,https://netsmartz.com/build-your-team-netsmartz/?utm_source=clutch.co&utm_medium=referral&utm_campaign=directory,"Pittsford, NY",4.9,29 reviews,$25 - $49 / hr,"$10,000+"
GoMage,https://www.gomage.com/services/?utm_source=clutch.co&utm_medium=referrall&utm_campaign=developers-ecommerce,"Austin, TX",4.8,19 reviews,$50 - $99 / hr,"$5,000+"
DigitalSuits,https://digitalsuits.co/?utm_source=clutch.co&utm_medium=referral&utm_campaign=directory,"Kraków, Poland",4.9,26 reviews,$50 - $99 / hr,"$10,000+"
DataArt,https://www.dataart.com/services?modal=clutch&utm_source=clutch&utm_medium=referral&utm_campaign=clutch-general-profile,"London, United Kingdom",5.0,12 reviews,$50 - $99 / hr,"$100,000+"
Kellton Tech Solutions,http://www.kelltontech.com/?utm_source=clutch.co&utm_medium=referral,"Reston, VA",4.7,14 reviews,$25 - $49 / hr,"$25,000+"
merce.com,https://www.merce.com/?utm_source=clutch.co&utm_medium=referral&utm_campaign=directory,"Gliwice, Poland",4.8,9 reviews,$25 - $49 / hr,"$25,000+"
Interactivated Ecommerce,https://www.interactivated.nl/?utm_source=clutch.co&utm_medium=referral&utm_campaign=directory,"Groningen, Netherlands",4.7,16 reviews,$50 - $99 / hr,"$5,000+"
Sintra - Digital Business. Poland,https://sintraconsulting.pl/?utm_source=clutch.co&utm_medium=referral&utm_campaign=directory,"Rzeszów, Poland",4.8,6 reviews,$50 - $99 / hr,"$10,000+"
